lat,lon,direction
39.7117838,-105.0711565,140
39.7694407,-105.0531497,345
39.7250044,-105.0252188,160
39.7260506,-105.0326163,155
39.7399643,-105.0026743,70
39.7402715,-104.9983423,0
39.7402686,-104.99806,320
39.7402267,-105.0029992,250
39.7399265,-104.9749203,80
39.7401043,-104.9749344,245
39.7692301,-105.0253328,165
39.7693247,-105.0253512,250
39.7700564,-105.0251547,345
39.7692513,-105.0251661,65
39.6858058,-104.9404637,345
39.6770914,-105.0801412,45
39.9584663,-105.1542165,355
39.9554417,-105.1659977,260
39.9551105,-105.1659202,165
39.9551505,-105.1654527,70
39.9555127,-105.1654875,345
39.5644127,-104.8805149,125
39.5606516,-104.8796648,115
39.5591774,-104.8735064,345
39.5630117,-104.8728837,270
39.5656685,-104.876358,195
39.5655675,-104.8763572,20
39.599937,-104.7049005,310
39.9611998,-105.2001394,70
39.9612272,-105.1753307,280
39.9584422,-105.1000889,240
39.740304,-105.0531205,90
39.74048,-105.0531914,0
39.7404385,-105.0534139,270
39.7402228,-105.0532982,180
39.7401238,-105.0815824,165
39.7110291,-104.9876988,170
39.7112409,-104.9877164,260
39.7111056,-104.9875149,80
39.7112134,-104.9591725,360
39.7400688,-104.9123363,90
39.7402783,-104.9404976,350
39.74002,-104.9036072,155
39.7400498,-104.9033755,70
39.740304,-104.9033121,345
39.7402916,-104.8847688,245
39.7400421,-104.8845382,70
39.7673854,-104.903598,160
39.7402836,-104.8989181,245
39.7400311,-104.8986679,75
39.7117461,-104.9405868,355
39.7620094,-104.9408255,245
39.762119,-104.9403807,335
39.7616579,-104.9407571,160
39.703124,-104.9130428,277
39.6529424,-104.9127354,69
39.7028464,-104.9129888,160
39.7026303,-104.9126668,110
39.7029485,-104.9126784,343
39.7400271,-104.9438735,70
39.7330369,-105.0253378,255
39.6441738,-105.0597887,225
39.6441793,-105.0597748,90
39.6525969,-104.9493982,165
39.6524219,-104.9492652,350
39.6730898,-104.9318453,259
39.6749851,-104.8782465,345
39.6763506,-104.9034567,125
39.676468,-104.9037812,165
39.6976185,-104.9034301,345
39.7759069,-104.8360899,270
39.776419,-104.8357734,315
39.9434433,-105.1471368,165
39.6894329,-104.9404946,350
39.6930805,-104.940518,350
39.7784241,-104.8377447,175
39.7780521,-104.8365515,175
39.778672,-104.8387558,355
39.7773997,-104.834972,270
39.7767347,-104.8354508,275
39.7775643,-104.8400245,110
39.7784893,-104.8400115,110
39.6835385,-104.8823919,240
39.7112916,-105.0253135,255
39.7402669,-104.9259705,255
39.8560448,-104.9405014,255
39.9141225,-104.9221194,250
39.957386,-104.9862229,75
39.9429164,-104.9862508,75
39.8679896,-104.9895995,240
39.8488764,-104.9831455,75
39.9402475,-104.9404196,165
39.7332026,-105.0534211,255
39.8020953,-105.077337,255
39.9690212,-105.083482,270
39.9681109,-105.0843942,0
39.9680919,-105.0844138,180
39.9676084,-105.0872087,10
39.9675946,-105.0872329,190
39.9675616,-105.0886733,335
39.9288755,-105.1378462,280
39.778374,-104.9686445,200
39.7401185,-105.0811512,65
39.9266794,-105.1206035,70
39.9269053,-105.1200561,215
39.9285313,-105.1204066,160
39.9286916,-105.1200428,235
39.9285405,-105.1210407,30
39.8668185,-105.1839475,170
39.6185329,-105.1684783,230
39.9119421,-105.1681282,10
39.7903067,-105.109779,255
39.6100132,-104.9294897,343
39.61003,-104.9297187,177
39.609942,-104.93688,150
39.9115144,-105.1687935,180
39.609942,-104.9366358,330
39.951007,-105.1473249,250
39.9508595,-105.147609,115
39.9287125,-105.1422535,65
39.9434297,-105.1469296,340
39.7749538,-105.1745332,335
39.810926,-105.1703488,185
39.8020617,-105.1082713,240
39.8017735,-105.1093266,60
39.7609715,-105.1722368,75
39.8604986,-105.0545834,195
39.7949742,-105.0793989,275
39.9142992,-105.1459885,345
39.9605926,-105.1564015,
39.5362536,-104.8262882,60
39.5366253,-104.8164345,240
39.5505489,-104.8396485,160
39.5371508,-104.8427322,340
39.5356152,-104.7721873,300
39.5330434,-104.7974614,45
39.5350214,-104.7744801,270
39.5556888,-104.8832165,100
39.5591639,-104.8803588,350
39.7702279,-104.8998431,260
39.77269,-104.9406386,180
39.5380521,-105.0349874,50
39.5423601,-104.9136772,270
39.5462659,-105.0044961,30
39.5364139,-104.9041084,72
39.9031421,-104.9779963,220
39.9031319,-104.9775451,320
39.5505139,-104.839455,210
39.7473815,-105.1426187,240
39.7341048,-105.1678733,245
39.7198346,-105.2050302,170
39.7198343,-105.2049453,350
39.7234891,-105.1922774,130
39.7909321,-105.0784113,195
39.7907178,-105.0784072,15
39.737383,-105.1921345,260
39.7255513,-105.1984,340
39.7596611,-105.2253152,165
39.746119,-105.2223738,35
39.7207617,-105.2000249,320
39.5636786,-104.7996808,110
39.5364514,-104.8733107,240
39.913847,-104.9780778,150
39.9138628,-104.9700608,55
39.8996072,-104.9968513,150
39.8917607,-104.9917098,170
39.8913689,-104.9892836,150
39.8904004,-104.9930962,50
39.8895643,-104.990306,220
39.889539,-104.9895625,155
39.8889083,-104.9903736,55
39.8876756,-104.9898967,320
39.8876667,-104.9895543,35
39.8875309,-104.9930689,45
39.886859,-104.9925821,65
39.8854801,-104.9921114,60
39.8855396,-104.9904673,330
39.8854185,-104.9904264,300
39.8852161,-104.9908073,300
39.8854613,-104.9896254,300
39.8810889,-104.9854904,180
39.8810952,-104.9844781,180
39.8794379,-104.9854339,330
39.8794382,-104.984222,30
39.8801493,-104.9843233,160
39.8851037,-104.9843119,60
39.899546,-104.9600153,230
39.8996199,-104.922123,150
39.7980423,-105.2216157,80
39.7984439,-105.2162073,250
39.7932728,-105.0818365,160
39.79274,-105.0810985,275
39.7914115,-105.0824921,345
39.7943131,-105.0809773,45
39.5585814,-104.779375,40
39.5585009,-104.7806347,200
39.5578253,-104.8818862,180
39.5335993,-104.7743458,330
39.9286595,-105.1273795,75
39.9282669,-105.1280859,160
39.9258946,-105.1276747,345
39.9205302,-105.1299553,0
39.9223237,-105.1294495,180
39.9284728,-104.9862729,70
39.5942239,-104.8208333,130
39.5784813,-104.8077473,315
39.5336172,-104.773215,330
39.9288428,-105.1259066,290
39.9173936,-105.105021,200
39.9164522,-105.1053252,45
39.9171024,-105.1109249,325
39.917917,-105.1117147,120
39.9174454,-105.1229153,0
39.9190245,-105.1224825,170
39.9186827,-105.1453424,215
39.5655791,-104.8740834,110
39.9618899,-105.168333,195
39.9620943,-105.1691015,185
39.771753,-104.9719593,215
39.5813122,-104.8733994,330
39.5234936,-104.8722166,210
39.5788486,-104.7920168,45
39.5734678,-104.7897239,90
39.5604768,-104.9040532,55
39.5625835,-104.9044325,200
39.5624719,-104.9046882,160
39.7254786,-104.8190932,75
39.7257561,-104.8216224,260
39.7258231,-104.7820974,255
39.5365821,-104.8517126,330
39.6530321,-105.1991178,50
39.8567908,-105.0766424,5
39.7913349,-105.0828772,230
39.8580993,-105.0762328,270
39.8559232,-105.0559813,160
39.5659842,-104.9855812,85
39.577762,-104.7140687,355
39.5781548,-104.7143316,175
39.577394,-104.7142819,180
39.5770457,-104.7140687,20
39.5791628,-105.139414,55
39.5475813,-105.0354864,60
39.9498624,-105.1236992,25
39.7548857,-105.0534138,270
39.7113052,-105.0017608,250
39.8872165,-105.0774858,225
39.9457776,-104.9921257,90
39.9443653,-104.9923714,26-96
39.6098707,-104.9656373,
39.6115838,-104.9602687,
39.9620945,-105.0498285,170
39.9620973,-105.0498329,340
39.8416921,-105.0526554,70
39.9143106,-104.9748485,40
39.6066908,-105.0730503,260
39.6230338,-105.0221058,0
39.6232199,-105.0221616,225
39.6228379,-105.0230061,0
39.6224365,-105.0238717,20
39.6003479,-104.7107847,25
39.6046993,-104.7036666,265
39.6080472,-104.70434,245
39.5588515,-104.8733992,120
39.7477277,-105.0580461,260
39.6967486,-104.9404923,350
39.696468,-104.9408762,170
39.6085633,-104.7692638,0
39.5573857,-105.0084322,175
39.5573815,-105.0082212,185
39.691015,-104.9408233,180
39.6855237,-104.9409428,175
39.8580807,-105.0779068,80
39.8571039,-105.0779518,90
39.8571599,-105.076188,250
39.6095134,-105.0832437,155
39.6909555,-104.8655769,120
39.6902546,-104.8643466,340
39.6901913,-104.863679,340
39.6936131,-104.862233,230
39.6957602,-104.8619696,240
39.6949175,-104.8619689,240
39.6961847,-104.8636838,130
39.6962719,-104.8644531,140
39.6960264,-104.8642501,90
39.6956669,-104.8656791,110
39.6947126,-104.8654993,50
39.6935308,-104.8652622,90;160
39.6918285,-104.8655063,50
39.691848,-104.8650215,80
39.6925145,-104.8646322,270
39.692155,-104.8636939,270
39.6937044,-104.8629255,240
39.5561693,-104.8834279,270
39.6199476,-104.9233739,230
39.7218649,-104.6786535,245
39.721747,-104.6790589,70
39.7167844,-104.6795124,260
39.7112889,-104.6831001,350
39.711411,-104.6832641,170
39.7165788,-104.679126,80
39.5980565,-104.679754,40
39.5984233,-104.678786,245
39.6243818,-104.7160575,75
39.624549,-104.7153027,240
39.628215,-104.7162342,55
39.6283478,-104.7158522,260
39.6299712,-104.6981995,240
39.6298354,-104.6984566,60
39.6262607,-104.6980862,250
39.6261347,-104.6982699,80
39.6229763,-104.69815,250
39.6228091,-104.6990527,60
39.6168881,-104.706293,340
39.5812815,-104.6720886,340
39.5821831,-104.6722837,30;150
39.673821,-104.7912751,240
39.6746692,-104.8096807,70
39.7132252,-104.6873155,250
39.7131131,-104.6875389,65
39.7182466,-104.6874791,65
39.7183978,-104.6873896,245
39.6967706,-104.8240233,245
39.6964643,-104.8237135,70
39.6965065,-104.8237098,87
39.6965355,-104.8237098,87
39.6965669,-104.8237098,87
39.7250417,-104.6832575,160
39.724746,-104.6830863,345
39.7112927,-104.8196373,245
39.7109509,-104.8191591,65
39.714718,-104.6874018,245
39.7146098,-104.6875626,65
39.7200079,-104.6876355,70
39.7201148,-104.6872346,245
39.7217735,-104.6876156,65
39.7218802,-104.6872585,245
39.6967683,-104.7913458,245
39.6964739,-104.7908437,70
39.6967615,-104.8101,250
39.6967089,-104.8100954,265
39.6966846,-104.8100961,265
39.6966514,-104.8100964,265
39.6964769,-104.8096634,70
39.6967977,-104.8190762,340
39.5665311,-104.7175512,150
39.5662992,-104.7170319,310
39.5696299,-104.7193705,40
39.5699425,-104.7189102,250
39.5703507,-104.7183268,55
39.5707671,-104.7179503,205
39.5803635,-104.7167497,60
39.5805537,-104.7163577,245
39.5750143,-104.7347708,140
39.5747594,-104.7344055,315
39.6826118,-104.7129862,155;140
39.6822872,-104.712682,345
39.682543,-104.703457,170
39.6917083,-104.7146711,290
39.6912911,-104.7138805,90
39.6940834,-104.6982652,250
39.6939402,-104.6983529,70
39.6963218,-104.7080159,155
39.6960666,-104.707778,335
39.6962934,-104.7009771,170
39.6961511,-104.7007947,345
39.6883444,-104.6981205,235
39.7185826,-104.7055387,340
39.7190895,-104.7128484,35
39.7230668,-104.7096463,95
39.7184411,-104.6963453,35
39.7187044,-104.6963349,220
39.7181978,-104.688364,60
39.7184457,-104.6882269,250
39.7402355,-104.8102745,260
39.7402628,-104.8098403,350
39.7399167,-104.8097929,80
39.7398549,-104.8102393,170
39.7403616,-104.7910789,350
39.7399777,-104.7914386,170
39.8561327,-105.0583909,180
39.6186577,-104.6978674,290
39.6185979,-104.698271,85
39.5959521,-104.6720965,280
39.596363,-104.6717809,270
39.551373,-104.741221,250
39.619877,-104.9233545,135
39.7516867,-105.0027336,15
39.7590387,-104.9937324,125
39.833283,-104.681557,65
39.715027,-105.2560796,35
39.7910326,-105.083326,60
39.7268157,-105.0395351,25
39.7233341,-105.0534417,160
39.7238851,-105.0816426,174;187
39.6220589,-105.0902094,155
39.5612494,-104.959981,175
39.5971257,-104.8852142,320
39.6383674,-105.0532594,350
39.6385864,-105.0535035,175
39.6101846,-105.0569619,0
39.6186973,-105.0839574,245
39.6395165,-105.1287585,338-48
39.6220766,-105.0890769,180
39.7404413,-105.0811671,330
39.7404181,-105.0815386,254
39.5969444,-104.8805958,100
39.596948,-104.8805652,280
39.596385,-104.8807102,120
39.5955318,-104.8786771,135
39.5955111,-104.8786734,0
39.7437722,-104.8464075,110
39.7509827,-104.8461084,70
39.7545322,-104.8470498,160
39.7590974,-104.8467334,340
39.7709804,-104.8467585,320
39.7981434,-104.8468888,75
39.802211,-104.9036489,240
39.8131724,-104.9069759,330
39.8128244,-104.9127747,70
39.8218287,-104.9128526,160
39.8242709,-104.9126875,340
39.8272981,-104.9127661,250
39.8273906,-104.9034607,240
39.6249994,-105.1886873,120
39.7238328,-104.7142046,22
39.7254679,-104.7139419,180
39.6270818,-104.8029108,95
39.8633631,-104.9993152,60
39.8561158,-105.0057305,60
39.8636074,-105.026302,240
39.7113209,-105.0249578,0
39.711001,-105.0252153,160
39.711035,-105.0248572,80
39.7250031,-105.025291,160
39.7250009,-105.0251443,160
39.7259005,-105.0248586,0
39.7258993,-105.024918,0
39.725897,-105.0249667,0
39.7402457,-104.9409158,235
39.7401926,-104.9860483,335
39.7182432,-105.1680432,250;15
39.617058,-105.0444007,25;125
39.6281149,-105.0442589,120;230
39.5613542,-105.1097877,330
39.5664048,-105.0843837,240
39.6603175,-104.9971429,
39.6868609,-104.822322,240
39.6251248,-105.1553234,115
39.9152436,-105.0575629,315
39.9156579,-105.0564674,290
39.9156571,-105.0564577,80
39.9164735,-105.0562794,245
39.5650097,-104.6607269,170
39.8238913,-104.903658,265
39.8270986,-104.9094918,70
39.8271553,-104.9050295,65
39.8184604,-104.903644,270
39.8111821,-104.9038965,260
39.8270719,-104.915162,65
39.819657,-104.9236513,85
39.7117837,-105.0711901,200
39.7580083,-105.0085529,10
39.6657727,-104.9877601,165
39.6504278,-104.9878441,175
39.6523691,-104.9875173,355
39.7593128,-105.007626,215
39.6787388,-104.9874179,340
39.7238017,-105.1886001,240
39.6839363,-104.8667285,320
39.6855548,-104.8673341,140
39.959121,-105.0835112,30
39.9577891,-104.9900481,250
39.9161745,-104.9759545,45
39.6862075,-104.8202302,30
39.6866953,-104.8205012,10
39.6868489,-104.8204485,240
39.6867218,-104.8223997,20
39.6585586,-105.1931615,
39.6053791,-104.7064102,280
39.5606834,-104.8789129,265
39.5643286,-104.8802123,310
39.5629614,-104.873148,105
39.5593368,-104.8736325,180
39.9693042,-105.0466481,300
39.9694501,-105.0470195,120
39.9670631,-105.0482634,300
39.9670455,-105.0482762,120
39.9670441,-105.047368,300
39.967037,-105.0474805,120
39.9649502,-105.0474861,120
39.9649698,-105.0474283,300
39.9491371,-105.0347191,240
39.6973765,-104.8823136,0
39.7873338,-105.0252769,180
39.6563207,-105.0531394,0
39.6823578,-105.0250187,0
39.6808082,-105.0771089,145
39.6559353,-104.8996879,230
39.6567551,-104.8997033,210
39.657095,-104.9006569,100
39.6558069,-104.9002078,170
39.6542459,-104.8997178,10
39.5634494,-104.8839588,120
39.5634254,-104.883304,170
39.5629301,-104.8821988,170
39.5629955,-104.881976,280
39.5971071,-104.8843367,30
39.5984924,-104.8852139,200
39.6543572,-104.8994649,250
39.6514094,-104.8998043,260
39.7459031,-105.0001061,80;307
39.6386725,-104.737965,235
39.6371143,-104.7353369,135
39.6099226,-105.0546085,250
39.7728684,-104.9755575,45
39.7730523,-104.9755061,137
39.7730609,-104.9753634,230
39.7728867,-104.9753671,318
39.7494309,-104.9733192,329
39.7380254,-105.1584906,215
39.7352338,-105.1602838,335
39.7617626,-104.9129677,0
39.6093425,-105.1503484,61
39.7699986,-104.7764284,215
39.7697646,-104.7767422,50
39.7712299,-104.7780173,225
39.7596356,-104.987585,345
39.539532,-104.9421905,348
39.5395465,-104.9447652,343
39.5393592,-104.9433143,191
39.5393167,-104.942318,181
39.5372463,-104.9475119,93
39.6257882,-104.7911406,95
39.7331473,-105.0606587,240
39.7507813,-104.9596849,220
39.9464831,-104.7899015,160
39.6966578,-105.0248545,70
39.8532828,-105.0809987,58
39.6982976,-104.8915555,40
39.6749015,-104.8766429,260
39.6348815,-105.0534927,90
39.7511926,-104.9828552,50
39.8509137,-104.6676218,332
39.8506806,-104.6675751,238
39.747502,-104.8776194,256
39.8442248,-104.6712922,210
39.7474228,-104.8658003,269;96
39.747366,-104.8775344,77
39.6963818,-104.866179,150
39.6967496,-104.8657692,320
39.6963841,-104.8675354,200
39.6963852,-104.8667834,150
39.6954659,-104.8663885,250
39.6948427,-104.8661783,250
39.7646916,-104.7668646,9
39.7646916,-104.7668646,83
39.7660749,-104.7655712,14
39.5893631,-104.678727,277
39.7019182,-105.2057215,0;0;38
39.5805446,-104.9194075,0
39.5839429,-104.9228433,78
39.8487607,-105.0693459,293
39.8487607,-105.0693459,293
39.5580961,-104.839022,65
39.6516037,-104.9000325,260
39.6527299,-104.9006851,801
39.6523809,-104.9007015,260
39.6528867,-104.9002667,150
39.6528389,-104.9017302,140
39.6527356,-104.9023797,180
39.6522695,-104.9026354,180
39.6529356,-104.9029581,150
39.8437731,-104.6762442,101
39.8481332,-104.6820736,202
39.8437101,-104.6762145,140
39.7388409,-105.193276,300;110
39.5545288,-105.1537955,81;260
39.7330667,-105.0531903,80
39.6981526,-105.0514902,215
39.5948658,-104.8700814,69
39.5948368,-104.8352136,68
39.6105877,-105.0304266,170
39.5350582,-104.885627,220
39.5775974,-105.1455991,224
39.5948091,-104.8249254,72
39.7608525,-105.0059601,210
39.7608525,-105.0059601,210
39.7608525,-105.0059601,210
39.5951149,-104.8269575,263
39.5952254,-104.8628934,258
39.7686331,-104.7657968,114
39.6568154,-104.9012136,190
39.635124,-105.1596472,67
39.5910738,-104.8664782,349
39.5804531,-104.8723413,110
39.5852845,-104.8787149,139
39.7232398,-105.1655977,149
39.8201042,-105.0813685,0
39.8201253,-105.0814881,0
39.5951892,-104.9197396,2400
39.5833215,-104.9603541,171
39.5959116,-104.8805376,94
39.638326,-104.7513881,57
39.638194,-104.7491749,157
39.6077129,-104.7151667,162
39.6057713,-104.7152902,62
39.7889233,-105.1105984,163
39.5496851,-104.9937084,227
39.7871283,-105.1119323,25
39.6104175,-105.1097529,336
39.618182,-105.0868258,116
39.6201584,-105.0900313,0
39.6201555,-105.0886312,345
39.6172999,-105.0874602,65
39.6173897,-105.0874715,106
39.7002764,-104.8277172,294
39.7437997,-104.8752483,92;267
39.7181357,-105.032507,166
39.7384751,-105.0626461,182
39.740151,-105.0625845,184
39.6099954,-105.1001275,10-55
39.9143319,-105.0085303,199
39.8852523,-104.9294636,238
39.7114476,-105.0533478,259
39.7112647,-105.0530546,88
39.638422,-104.9771906,62
39.8079383,-104.9175363,156-201
39.8101247,-104.9175302,161-206
39.5650665,-104.8396357,165
39.5479416,-104.8839797,2
39.5485123,-104.8840169,191
39.5381565,-104.8776485,359
39.5385346,-104.8777547,179
39.6238109,-104.9275983,169
39.6237584,-104.9273592,353
39.7403203,-105.0392702,88
39.8271348,-105.0520841,74
39.5889275,-104.743825,105-150
39.5887208,-104.7438,275-320
39.7438985,-104.9127103,220-265
39.8056926,-104.9175316,320-5
39.9649745,-105.0483165,290
39.9649604,-105.0483151,120
39.9699205,-105.045218,290
39.9699229,-105.0454942,110
39.9692717,-105.04434,45
39.9694449,-105.0439414,240
39.8064697,-104.9035791,338-23
39.5931826,-105.044793,85
39.6009884,-105.0413626,85
39.7074058,-104.9390331,338-23
39.6387166,-104.9411349,274
39.6387323,-104.9140658,278
39.6375516,-104.9225687,176
39.6377899,-104.960122,290
39.9139598,-104.9871141,31-76
39.6105711,-105.0992211,270
39.9038821,-104.9864216,50-95
39.5951777,-105.0438874,84
39.6072901,-105.03836,106
39.8620016,-105.0501805,79
39.8631898,-105.0475463,200
39.649922,-104.9875533,349
39.6343751,-104.9879917,172
39.6249421,-104.9878113,343
39.6080447,-104.7571034,268-313
39.7342824,-105.164246,294-339
39.6788923,-104.843475,242-287
39.6788923,-104.843475,242-287
39.6598146,-104.9877465,177
39.5361353,-104.87317,166
39.5364529,-104.872779,337
39.7402403,-104.8787815,247
39.7400859,-104.8787527,70
39.7387332,-105.0766672,0
39.7386336,-105.0766687,180
39.7401332,-105.0767845,156
39.7405162,-105.0765949,344
39.7993075,-105.0545637,261
39.6245303,-104.922649,0
39.6315571,-104.9230968,277
39.6820034,-104.832122,150
39.6819954,-104.8334282,160
39.6819035,-104.8354987,270
39.6815688,-104.836182,60
39.6058799,-104.7344714,206
39.6045364,-105.0398146,78
39.6477148,-105.0252197,80
39.7933189,-105.0824635,165
39.6748321,-104.8267382,93
39.6747986,-104.8267208,89
39.6747655,-104.8267057,86
39.5637411,-104.8656799,145
39.9513096,-104.7884579,69
39.9512205,-104.7861264,291
39.9505318,-104.7884551,54
39.9505988,-104.786137,255
39.6361191,-104.7917249,260
39.737105,-105.1559151,110
39.5955961,-104.8760381,330
39.5930844,-104.7428322,317-2
39.5973616,-104.7025791,138-183
39.5972224,-104.7023824,246-291
39.5281202,-104.9873113,320
39.8336584,-104.7320638,93
39.5495842,-104.9937343,241
39.7032265,-104.9129554,103-148
39.7398922,-104.9034204,44-89
39.6243482,-104.9692696,21
39.8111994,-104.9034704,354-39
39.8019548,-105.0780795,79
39.7911959,-105.1045095,74
39.8128352,-105.0547253,250
39.8666987,-105.1891336,136
39.8000669,-105.1379006,350
39.7345446,-105.1594277,143
39.7359329,-105.1548895,225
39.7312472,-105.2074394,65
39.7401405,-105.1002158,165
39.7678451,-105.2347315,56
39.7547867,-105.0672203,65
39.733651,-105.1617882,306
39.8363712,-104.715262,69
39.8365581,-104.7152153,245
39.7342439,-105.1634855,62
39.7402895,-104.9035675,268
39.8433055,-105.0827798,
39.7620645,-104.7908554,221
39.7618049,-104.7909153,238
39.6173152,-105.0928713,253
39.7402248,-104.9408726,247
39.7400755,-104.9405649,79
39.7402209,-104.9128477,268
39.6238741,-105.1102686,142-187
39.6555734,-104.9636746,158
39.6947068,-105.1472976,71;132;189;0;0
39.7616088,-104.9403874,18-63
39.7555296,-104.7914968,80
39.7729512,-104.7837672,158
39.7728157,-104.7897648,257
39.7308612,-105.1626332,146
39.7295065,-105.1620239,111
39.7297554,-105.1645026,113
39.7299591,-105.1634931,350
39.7208764,-105.0806012,0
39.6967676,-105.0016676,252
39.5617122,-104.9897374,223
39.7839221,-104.8096173,351
39.7984497,-104.809752,257
39.7984847,-104.7720386,0
39.7617782,-104.7721274,0
39.7644135,-104.7723412,173
39.7399275,-105.0028428,174
39.674393,-104.783672,0
39.6741697,-104.7814928,338
39.7402279,-104.9257824,227
39.7412086,-105.1184529,80
39.7405456,-105.1165773,30
39.7411906,-105.114573,275
39.7400713,-104.9297352,81
39.5733449,-104.6790509,54
39.5785281,-104.7559653,239
39.7694349,-104.9007338,269
39.7694608,-104.9022073,11
39.7694068,-104.902339,101
39.7673926,-104.903421,197
39.6572312,-104.9828815,83
39.7193738,-104.9579955,84
39.7823226,-104.8471666,151
39.7527153,-104.9945356,5
39.721014,-104.9511428,111
39.7570839,-104.9929586,155
39.7857681,-104.883345,238
39.7473855,-104.8493144,75
39.7474442,-104.8494209,229
39.7543554,-104.8470069,155
39.7583523,-105.0660774,197
39.7068929,-104.9954261,75
39.7058306,-104.9935057,325
39.7058425,-104.9925279,335
39.8335718,-104.7320793,67
39.8054754,-104.9311399,79
39.8095784,-104.9311411,80
39.8477746,-105.0820362,160
39.9004393,-105.1369166,300
39.9005573,-105.1366269,226
39.7024609,-105.2447174,315
39.8489259,-104.9840047,81
39.7402184,-105.0814864,179;186
39.6097401,-104.7445746,0
39.6969716,-105.0532092,344
39.7012167,-104.827135,240
39.7073655,-105.2527614,0
39.8853246,-105.0200681,240
39.7399477,-104.8472317,156
39.7400158,-104.8468055,63
39.740346,-104.8469006,345
39.7403359,-104.8472448,241
39.7329394,-104.8472543,143
39.7330345,-104.8471409,339
39.7256741,-104.8430714,64
39.7257493,-104.8504973,244
39.5562128,-105.1090274,210
39.5568179,-105.109547,210
39.7240478,-105.0807078,145
39.6823457,-104.8885193,65
39.6826681,-104.8889635,16
39.6530177,-104.9317118,160
39.8093408,-104.9220604,343
39.8127728,-104.9222504,116
39.8135488,-104.9221251,0
39.8127216,-104.9267424,80
39.8232399,-104.9200641,231
39.7098979,-104.8895633,18
39.7102534,-104.8899061,316
39.7102386,-104.8899003,143
39.7859727,-104.7719696,198
39.7858315,-104.7722833,0
39.6824528,-104.831434,348
39.5592139,-104.9589055,180
39.559187,-104.959129,130
39.8853065,-104.9776294,335
39.8129529,-104.9130782,207-252
39.9489702,-105.0350977,70
39.6668482,-105.1158651,250
39.6670199,-105.1184103,294
39.7109089,-105.0862769,186
39.7071026,-105.081671,276
39.6265213,-104.7338815,169
39.9599701,-105.1692951,333
39.8146639,-105.0534906,151
39.6883568,-104.6979313,119
39.6871291,-104.699305,0
39.6826751,-104.7034135,45
39.7186173,-105.0604626,241
39.6534372,-104.9958175,0
39.6784369,-104.9653928,80
39.8898075,-105.0660505,142
39.8898428,-105.0659935,308
39.7224214,-105.1910618,37
39.7236693,-105.1898453,203
39.72287,-105.1885242,311
39.6973745,-105.0523658,28
39.7474389,-105.0557546,150
39.7112203,-104.8659097,218
39.7110871,-104.8471769,88
39.7109929,-104.8660419,160
39.7113744,-104.8473188,245
39.8896472,-105.0745744,206
39.8859245,-105.0755019,18
39.8884305,-105.0779204,273
39.8862918,-105.0741756,299
39.9116449,-105.0530061,177;177;176
39.9142465,-105.0462441,0
39.9143992,-105.0575673,0;0
39.8894251,-105.0763736,185;0;70;134;293;233
39.8882427,-105.0753663,0;71;142;212;285
39.887428,-105.0743319,0;71;141;208;284
39.8864854,-105.0760702,18
39.8875251,-105.0768907,37
39.8873274,-105.0754049,0;69;138;211;287
39.6785658,-104.9407685,0
39.8916611,-105.0651573,339
39.8898836,-105.0660071,103
39.8912728,-105.0652159,41
39.9125082,-105.0719187,94
39.5702382,-104.9605057,171
39.7401138,-105.1282416,84;82
39.7228175,-105.1323112,182;178
39.8378379,-104.714163,148
39.8378356,-104.7139582,332
39.7272009,-105.1096392,0;0
39.7402448,-105.0766386,86;96
39.7404032,-105.0626429,268;277
39.7404575,-105.0533184,249
39.7402836,-105.0533219,154
39.7111898,-105.0580094,270
39.7546997,-105.1095986,181
39.6602956,-104.9972199,65
39.5242353,-104.8720575,324
39.6535726,-104.9005753,340
39.7141092,-104.8227673,180
39.7829102,-105.1096531,178;175
39.7829226,-105.1095796,91
39.7829471,-105.1096799,265
39.8274187,-105.0532747,0
39.5456367,-105.0024603,306
39.592792,-104.7430018,102
39.6242336,-104.7375514,38
39.6097993,-104.7446317,320
39.5927223,-104.7416278,276
39.7413691,-105.1184767,0
39.7365701,-105.2451191,116
39.8854024,-104.9776556,0
39.6123641,-104.756511,105
39.5946025,-104.7493399,148
39.546312,-105.000249,129
39.5463086,-105.0001381,233
39.5661756,-105.0301134,80
39.7003366,-104.9080983,345
39.6184817,-105.0843225,65
39.6114199,-105.0572053,165
39.6894416,-104.8930073,330
39.6891985,-104.8878234,8
39.5934717,-104.8808787,195
39.5940945,-104.8810959,210
39.7243016,-105.1684212,292
39.6493661,-104.9421972,65
39.6512509,-104.9459914,84
39.7693512,-105.0251797,359
39.6268216,-104.7346535,223
39.6561918,-105.0493238,112
39.5216099,-104.6634814,237
39.6653846,-104.8480264,87
39.6670233,-104.8516404,1
39.7618785,-105.1462687,232
39.6056916,-104.7153563,188
39.6057136,-104.715368,36
39.5980799,-104.7022111,36
39.5980425,-104.7020631,63
39.8859083,-105.0770436,201
39.8635614,-105.0815545,89;98
39.638655,-104.8273656,278
39.6385107,-104.8272817,94
39.755002,-104.9951007,308
39.6250949,-105.0148415,42
39.6255588,-105.0160537,58
39.6238319,-105.0229318,186
39.5456425,-105.002439,267
39.9061895,-105.087837,50
39.9068216,-105.0886447,158
39.9068219,-105.0868985,218
39.7510734,-104.9899835,280
39.7385774,-105.0774586,282
39.7387828,-105.0782308,193
39.7477385,-105.0534309,260
39.597066,-104.9042264,171
39.8564373,-104.8972771,0
39.8563217,-104.8972939,340
39.5626035,-104.9044462,213
39.5821798,-104.7261045,0
